{
	"$NodeId":	"Biome-5727807e-893c-42cf-9ff4-6055cc3596eb",
	"Name":	"Copper_Mine",
	"Terrain":	{
		"$NodeId":	"Terrain-ce84ff9d-f433-4871-83f6-4fb2dbfd1a06",
		"Type":	"DAOTerrain",
		"Density":	{
			"$NodeId":	"SumDensityNode-60a683e3-001d-404e-9467-9dada3d81175",
			"Type":	"Sum",
			"ExportAs":	"MainGen",
			"Skip":	false,
			"Inputs":	[{
					"$NodeId":	"CurveMapper.Density-32c0d4ad-9ddc-4f8e-8ebd-1a7636dc0318",
					"Type":	"CurveMapper",
					"Skip":	false,
					"Curve":	{
						"$NodeId":	"ManualCurve-c944c0a0-3063-4f91-9471-74ab0fd93121",
						"Type":	"Manual",
						"Points":	[{
								"$NodeId":	"CurvePoint-36b2e9b0-c2e1-4832-88a9-7b1d30f0c509",
								"In":	-50,
								"Out":	1
							}, {
								"$NodeId":	"CurvePoint-14dd4ead-8d0e-4e56-a0ac-75d0b3b53c3a",
								"In":	200,
								"Out":	-1
							}]
					},
					"Inputs":	[{
							"$NodeId":	"BaseHeight.Density-a934d11f-f1a0-4fac-921b-e22920018367",
							"Type":	"BaseHeight",
							"Skip":	false,
							"BaseHeightName":	"Base",
							"Distance":	true
						}]
				}]
		}
	},
	"MaterialProvider":	{
		"$NodeId":	"SolidityMaterialProvider-6f1e767d-0e13-4df3-8092-2693df92d745",
		"Type":	"Solidity",
		"Solid":	{
			"$NodeId":	"QueueMaterialProvider-48137cc9-0243-482e-87ff-62f291211b06",
			"Type":	"Queue",
			"Queue":	[{
					"$NodeId":	"ConstantMaterialProvider-58e2296b-6b22-4a59-813e-bdd706b60f56",
					"Type":	"Constant",
					"Material":	{
						"$NodeId":	"Material-da3678e8-7b24-445b-ab74-5f05a236f25a",
						"Solid":	"Rock_Stone"
					}
				}]
		},
		"Empty":	{
			"$NodeId":	"QueueMaterialProvider-687c9577-0cb5-41d2-8904-0dd867936313",
			"Type":	"Queue",
			"Queue":	[{
					"$NodeId":	"ConstantMaterialProvider-f5752814-9b90-406d-b249-6f2492f97534",
					"$Comment":	"REQUIRED",
					"Type":	"Constant",
					"Material":	{
						"$NodeId":	"Material-fd226249-bbf2-40a4-9f7f-83f70f06509d",
						"Solid":	"Empty"
					}
				}]
		}
	},
	"Props":	[],
	"EnvironmentProvider":	{
		"$NodeId":	"Constant.EnvironmentProvider-9b528915-bdae-4bbf-9cea-1e0cf7e36c8c",
		"Type":	"Constant",
		"Environment":	"Env_Zone0_Warm"
	},
	"TintProvider":	{
		"$NodeId":	"Constant.TintProvider-ec938167-5560-4da4-9134-4c9081af343f",
		"Type":	"Constant",
		"Color":	"#55aa55"
	},
	"$NodeEditorMetadata":	{
		"$Nodes":	{
			"Biome-5727807e-893c-42cf-9ff4-6055cc3596eb":	{
				"$Position":	{
					"$x":	-6258,
					"$y":	-4263
				},
				"$Title":	"[ROOT] Biome"
			},
			"Terrain-ce84ff9d-f433-4871-83f6-4fb2dbfd1a06":	{
				"$Position":	{
					"$x":	-5358,
					"$y":	-5153
				}
			},
			"SumDensityNode-60a683e3-001d-404e-9467-9dada3d81175":	{
				"$Position":	{
					"$x":	-4989,
					"$y":	-5184
				}
			},
			"CurveMapper.Density-32c0d4ad-9ddc-4f8e-8ebd-1a7636dc0318":	{
				"$Position":	{
					"$x":	-4156,
					"$y":	-5223
				}
			},
			"ManualCurve-c944c0a0-3063-4f91-9471-74ab0fd93121":	{
				"$Position":	{
					"$x":	-3381,
					"$y":	-4881
				}
			},
			"CurvePoint-36b2e9b0-c2e1-4832-88a9-7b1d30f0c509":	{
				"$Position":	{
					"$x":	-2535,
					"$y":	-4892
				}
			},
			"CurvePoint-14dd4ead-8d0e-4e56-a0ac-75d0b3b53c3a":	{
				"$Position":	{
					"$x":	-2528,
					"$y":	-4740
				}
			},
			"BaseHeight.Density-a934d11f-f1a0-4fac-921b-e22920018367":	{
				"$Position":	{
					"$x":	-3402,
					"$y":	-5219
				}
			},
			"SolidityMaterialProvider-6f1e767d-0e13-4df3-8092-2693df92d745":	{
				"$Position":	{
					"$x":	-5406,
					"$y":	-3819
				}
			},
			"QueueMaterialProvider-48137cc9-0243-482e-87ff-62f291211b06":	{
				"$Position":	{
					"$x":	-4643,
					"$y":	-3769
				}
			},
			"QueueMaterialProvider-687c9577-0cb5-41d2-8904-0dd867936313":	{
				"$Position":	{
					"$x":	-4634,
					"$y":	-3899
				}
			},
			"ConstantMaterialProvider-f5752814-9b90-406d-b249-6f2492f97534":	{
				"$Position":	{
					"$x":	-3978,
					"$y":	-3927
				}
			},
			"Material-fd226249-bbf2-40a4-9f7f-83f70f06509d":	{
				"$Position":	{
					"$x":	-3303,
					"$y":	-3954
				}
			},
			"Constant.EnvironmentProvider-9b528915-bdae-4bbf-9cea-1e0cf7e36c8c":	{
				"$Position":	{
					"$x":	-5380,
					"$y":	-4133
				}
			},
			"Constant.TintProvider-ec938167-5560-4da4-9134-4c9081af343f":	{
				"$Position":	{
					"$x":	-5386,
					"$y":	-3964
				}
			},
			"ConstantMaterialProvider-58e2296b-6b22-4a59-813e-bdd706b60f56":	{
				"$Position":	{
					"$x":	-3980,
					"$y":	-3765
				}
			},
			"Material-da3678e8-7b24-445b-ab74-5f05a236f25a":	{
				"$Position":	{
					"$x":	-3301,
					"$y":	-3754
				}
			}
		},
		"$FloatingNodes":	[],
		"$Links":	{
		},
		"$Groups":	[],
		"$Comments":	[],
		"$WorkspaceID":	"HytaleGenerator - Biome"
	}
}