{
  "Type": "NoiseRange",
  "Biomes": [
    
  ],
  "DefaultBiome": "TutorialBiome",
  "DefaultTransitionDistance": 16,
  "MaxBiomeEdgeDistance": 16,
  "Density": {
    "Type" : "Imported",
    "Name" : "Biome-Map-Portals"
  },
  "ContentFields" : [
    {
      "Type" : "BaseHeight",
      "Name" : "Base",
      "Y" : 100
    },
    {
      "Type" : "BaseHeight",
      "Name" : "Water",
      "Y" : 100
    },
    {
      "Type" : "BaseHeight",
      "Name" : "Bedrock",
      "Y" : 0
    }
  ]
}
