{
	"$NodeId":	"Biome-5727807e-893c-42cf-9ff4-6055cc3596eb",
	"Name":	"TutorialBiome",
	"Terrain":	{
		"$NodeId":	"Terrain-ce84ff9d-f433-4871-83f6-4fb2dbfd1a06",
		"Type":	"DAOTerrain",
		"Density":	{
			"$NodeId":	"SumDensityNode-60a683e3-001d-404e-9467-9dada3d81175",
			"Type":	"Sum",
			"ExportAs":	"",
			"Skip":	false,
			"Inputs":	[{
					"$NodeId":	"NormalizerDensityNode-98cc386d-11ee-4edf-9013-2986b92bfd2a",
					"Type":	"Normalizer",
					"Skip":	false,
					"FromMin":	-1,
					"FromMax":	1,
					"ToMin":	-0.6,
					"ToMax":	0.6,
					"Inputs":	[{
							"$NodeId":	"SimplexNoise2DDensityNode-31a531b3-9684-4aca-9b2f-627d4a7b7ea9",
							"Type":	"SimplexNoise2D",
							"Skip":	false,
							"Lacunarity":	2,
							"Persistence":	0.5,
							"Octaves":	4,
							"Scale":	500,
							"Seed":	"A"
						}]
				}, {
					"$NodeId":	"MinDensityNode-c102aaed-4ca3-4b90-ab8d-58b991d8fc1a",
					"Type":	"Min",
					"Skip":	false,
					"Inputs":	[{
							"$NodeId":	"CellNoise3DDensityNode-32ff7947-e308-4bad-8aab-6d86bc66225b",
							"Type":	"CellNoise3D",
							"Skip":	false,
							"ScaleX":	100,
							"ScaleY":	100,
							"ScaleZ":	100,
							"Jitter":	0.3,
							"CellType":	"CellValue",
							"Octaves":	2,
							"Seed":	"A"
						}, {
							"$NodeId":	"ImportedDensityNode-fd52d4c3-ab8e-4033-ad88-b8cee0160573",
							"Type":	"Imported",
							"Skip":	false,
							"Name":	"WorldBase"
						}]
				}, {
					"$NodeId":	"NormalizerDensityNode-99beb8ae-a441-4185-b528-bd28acde18eb",
					"Type":	"Normalizer",
					"Skip":	false,
					"FromMin":	-1,
					"FromMax":	0,
					"ToMin":	-0.1,
					"ToMax":	0.1,
					"Inputs":	[{
							"$NodeId":	"CellNoise2DDensityNode-b0021078-d44a-4816-8420-d21e686460dd",
							"Type":	"CellNoise2D",
							"Skip":	false,
							"ScaleX":	200,
							"ScaleZ":	200,
							"Jitter":	0.3,
							"CellType":	"CellValue",
							"Octaves":	3,
							"Seed":	"A"
						}]
				}, {
					"$NodeId":	"CurveMapper.Density-32c0d4ad-9ddc-4f8e-8ebd-1a7636dc0318",
					"Type":	"CurveMapper",
					"ExportAs":	"WorldBase",
					"Skip":	false,
					"Curve":	{
						"$NodeId":	"ManualCurve-c944c0a0-3063-4f91-9471-74ab0fd93121",
						"Type":	"Manual",
						"Points":	[{
								"$NodeId":	"CurvePoint-f281d948-b414-4ce7-93b4-547fd3c925d7",
								"In":	0,
								"Out":	1
							}, {
								"$NodeId":	"CurvePoint-e435f858-badc-4248-9d15-2c85c5303c10",
								"In":	150,
								"Out":	-1
							}]
					},
					"Inputs":	[{
							"$NodeId":	"BaseHeight.Density-a934d11f-f1a0-4fac-921b-e22920018367",
							"Type":	"BaseHeight",
							"Skip":	false,
							"BaseHeightName":	"Base",
							"Distance":	true
						}]
				}]
		}
	},
	"MaterialProvider":	{
		"$NodeId":	"SolidityMaterialProvider-6f1e767d-0e13-4df3-8092-2693df92d745",
		"Type":	"Solidity",
		"Solid":	{
			"$NodeId":	"QueueMaterialProvider-48137cc9-0243-482e-87ff-62f291211b06",
			"Type":	"Queue",
			"Queue":	[{
					"$NodeId":	"SimpleHorizontalMaterialProvider-6dd52463-dd3d-4a1b-ae4e-b64763291879",
					"Type":	"SimpleHorizontal",
					"TopY":	250,
					"TopBaseHeight":	"Base",
					"BottomY":	95,
					"BottomBaseHeight":	"Base",
					"Material":	{
						"$NodeId":	"ConstantMaterialProvider-d47377ba-a2cd-41e5-887f-12d637c8a443",
						"Type":	"Constant",
						"Material":	{
							"$NodeId":	"Material-6dfc76af-b0ea-4e51-8d8e-e00d8e09dac3",
							"Solid":	"Rock_Sandstone_White",
							"Fluid":	""
						}
					}
				}, {
					"$NodeId":	"SimpleHorizontalMaterialProvider-965d3191-2aca-4a4c-a925-1cbf64b01781",
					"Type":	"SimpleHorizontal",
					"TopY":	80,
					"TopBaseHeight":	"Water",
					"BottomY":	-20,
					"BottomBaseHeight":	"Water",
					"Material":	{
						"$NodeId":	"ConstantMaterialProvider-ee9b35d9-60db-49e4-9387-2e2d8be27942",
						"Type":	"Constant",
						"Material":	{
							"$NodeId":	"Material-0a568886-f226-4962-b275-37de129f92e5",
							"Solid":	"Rock_Sandstone_Red",
							"Fluid":	""
						}
					}
				}, {
					"$NodeId":	"ConstantMaterialProvider-58e2296b-6b22-4a59-813e-bdd706b60f56",
					"Type":	"Constant",
					"Material":	{
						"$NodeId":	"Material-da3678e8-7b24-445b-ab74-5f05a236f25a",
						"Solid":	"Rock_Sandstone"
					}
				}]
		},
		"Empty":	{
			"$NodeId":	"QueueMaterialProvider-687c9577-0cb5-41d2-8904-0dd867936313",
			"Type":	"Queue",
			"Queue":	[{
					"$NodeId":	"SimpleHorizontalMaterialProvider-1df72082-bbe7-4a0e-aa6a-9eeb4603de2f",
					"Type":	"SimpleHorizontal",
					"TopY":	80,
					"TopBaseHeight":	"Water",
					"BottomY":	-20,
					"BottomBaseHeight":	"Water",
					"Material":	{
						"$NodeId":	"ConstantMaterialProvider-a8dfa6eb-302d-41a5-9bae-4c658ba0ffc7",
						"Type":	"Constant",
						"Material":	{
							"$NodeId":	"Material-21a03f03-7e1f-477d-aa0c-9d1b7f5553da",
							"Solid":	"",
							"Fluid":	"Water_Source"
						}
					}
				}, {
					"$NodeId":	"ConstantMaterialProvider-f5752814-9b90-406d-b249-6f2492f97534",
					"$Comment":	"REQUIRED",
					"Type":	"Constant",
					"Material":	{
						"$NodeId":	"Material-fd226249-bbf2-40a4-9f7f-83f70f06509d",
						"Solid":	"Empty"
					}
				}]
		}
	},
	"Props":	[],
	"EnvironmentProvider":	{
		"$NodeId":	"Constant.EnvironmentProvider-9b528915-bdae-4bbf-9cea-1e0cf7e36c8c",
		"Type":	"Constant",
		"Environment":	"Env_Zone0_Warm"
	},
	"TintProvider":	{
		"$NodeId":	"Constant.TintProvider-ec938167-5560-4da4-9134-4c9081af343f",
		"Type":	"Constant",
		"Color":	"#555555"
	},
	"$NodeEditorMetadata":	{
		"$Nodes":	{
			"Biome-5727807e-893c-42cf-9ff4-6055cc3596eb":	{
				"$Position":	{
					"$x":	-6258,
					"$y":	-4263
				},
				"$Title":	"[ROOT] Biome"
			},
			"Terrain-ce84ff9d-f433-4871-83f6-4fb2dbfd1a06":	{
				"$Position":	{
					"$x":	-5358,
					"$y":	-5153
				}
			},
			"SumDensityNode-60a683e3-001d-404e-9467-9dada3d81175":	{
				"$Position":	{
					"$x":	-4989,
					"$y":	-5184
				}
			},
			"NormalizerDensityNode-98cc386d-11ee-4edf-9013-2986b92bfd2a":	{
				"$Position":	{
					"$x":	-4227,
					"$y":	-6518
				}
			},
			"SimplexNoise2DDensityNode-31a531b3-9684-4aca-9b2f-627d4a7b7ea9":	{
				"$Position":	{
					"$x":	-3540,
					"$y":	-6496
				}
			},
			"NormalizerDensityNode-99beb8ae-a441-4185-b528-bd28acde18eb":	{
				"$Position":	{
					"$x":	-4322,
					"$y":	-5638
				}
			},
			"CellNoise2DDensityNode-b0021078-d44a-4816-8420-d21e686460dd":	{
				"$Position":	{
					"$x":	-3154,
					"$y":	-5713
				}
			},
			"CurveMapper.Density-32c0d4ad-9ddc-4f8e-8ebd-1a7636dc0318":	{
				"$Position":	{
					"$x":	-4156,
					"$y":	-5223
				}
			},
			"ManualCurve-c944c0a0-3063-4f91-9471-74ab0fd93121":	{
				"$Position":	{
					"$x":	-3381,
					"$y":	-4881
				}
			},
			"CurvePoint-f281d948-b414-4ce7-93b4-547fd3c925d7":	{
				"$Position":	{
					"$x":	-2665,
					"$y":	-4906
				}
			},
			"CurvePoint-e435f858-badc-4248-9d15-2c85c5303c10":	{
				"$Position":	{
					"$x":	-2670,
					"$y":	-4741
				}
			},
			"BaseHeight.Density-a934d11f-f1a0-4fac-921b-e22920018367":	{
				"$Position":	{
					"$x":	-3402,
					"$y":	-5219
				}
			},
			"SolidityMaterialProvider-6f1e767d-0e13-4df3-8092-2693df92d745":	{
				"$Position":	{
					"$x":	-5406,
					"$y":	-3819
				}
			},
			"QueueMaterialProvider-48137cc9-0243-482e-87ff-62f291211b06":	{
				"$Position":	{
					"$x":	-4643,
					"$y":	-3769
				}
			},
			"ConstantMaterialProvider-58e2296b-6b22-4a59-813e-bdd706b60f56":	{
				"$Position":	{
					"$x":	-3898,
					"$y":	-3290
				}
			},
			"Material-da3678e8-7b24-445b-ab74-5f05a236f25a":	{
				"$Position":	{
					"$x":	-3222,
					"$y":	-3293
				}
			},
			"QueueMaterialProvider-687c9577-0cb5-41d2-8904-0dd867936313":	{
				"$Position":	{
					"$x":	-4662,
					"$y":	-4124
				}
			},
			"ConstantMaterialProvider-f5752814-9b90-406d-b249-6f2492f97534":	{
				"$Position":	{
					"$x":	-3859,
					"$y":	-4162
				}
			},
			"Material-fd226249-bbf2-40a4-9f7f-83f70f06509d":	{
				"$Position":	{
					"$x":	-3189,
					"$y":	-4143
				}
			},
			"Constant.EnvironmentProvider-9b528915-bdae-4bbf-9cea-1e0cf7e36c8c":	{
				"$Position":	{
					"$x":	-5380,
					"$y":	-4133
				}
			},
			"Constant.TintProvider-ec938167-5560-4da4-9134-4c9081af343f":	{
				"$Position":	{
					"$x":	-5386,
					"$y":	-3964
				}
			},
			"SimpleHorizontalMaterialProvider-1df72082-bbe7-4a0e-aa6a-9eeb4603de2f":	{
				"$Position":	{
					"$x":	-3856,
					"$y":	-4503
				}
			},
			"ConstantMaterialProvider-a8dfa6eb-302d-41a5-9bae-4c658ba0ffc7":	{
				"$Position":	{
					"$x":	-3054,
					"$y":	-4424
				}
			},
			"Material-21a03f03-7e1f-477d-aa0c-9d1b7f5553da":	{
				"$Position":	{
					"$x":	-2375,
					"$y":	-4413
				}
			},
			"CellNoise3DDensityNode-32ff7947-e308-4bad-8aab-6d86bc66225b":	{
				"$Position":	{
					"$x":	-2814,
					"$y":	-6128
				}
			},
			"MinDensityNode-c102aaed-4ca3-4b90-ab8d-58b991d8fc1a":	{
				"$Position":	{
					"$x":	-4268,
					"$y":	-6102
				}
			},
			"ImportedDensityNode-fd52d4c3-ab8e-4033-ad88-b8cee0160573":	{
				"$Position":	{
					"$x":	-3445,
					"$y":	-6085
				}
			},
			"SimpleHorizontalMaterialProvider-965d3191-2aca-4a4c-a925-1cbf64b01781":	{
				"$Position":	{
					"$x":	-3918,
					"$y":	-3605
				}
			},
			"ConstantMaterialProvider-ee9b35d9-60db-49e4-9387-2e2d8be27942":	{
				"$Position":	{
					"$x":	-3117,
					"$y":	-3526
				}
			},
			"Material-0a568886-f226-4962-b275-37de129f92e5":	{
				"$Position":	{
					"$x":	-2438,
					"$y":	-3515
				}
			},
			"SimpleHorizontalMaterialProvider-6dd52463-dd3d-4a1b-ae4e-b64763291879":	{
				"$Position":	{
					"$x":	-3883,
					"$y":	-3914
				}
			},
			"ConstantMaterialProvider-d47377ba-a2cd-41e5-887f-12d637c8a443":	{
				"$Position":	{
					"$x":	-3095,
					"$y":	-3817
				}
			},
			"Material-6dfc76af-b0ea-4e51-8d8e-e00d8e09dac3":	{
				"$Position":	{
					"$x":	-2416,
					"$y":	-3806
				}
			}
		},
		"$FloatingNodes":	[],
		"$Links":	{
		},
		"$Groups":	[],
		"$Comments":	[],
		"$WorkspaceID":	"HytaleGenerator - Biome"
	}
}