{
  "Type": "NoiseRange",
  "Biomes": [
    {
      "Biome" : "TutorialBiome",
      "Min" : 0,
      "Max" : 2
    },
    {
      "Biome" : "Void_Buffer",
      "Min" : -0.1,
      "Max" : 0
    },
    {
      "Biome" : "Void",
      "Min" : -2,
      "Max" : -0.1
    }
  ],
  "DefaultBiome": "Void",
  "DefaultTransitionDistance": 16,
  "MaxBiomeEdgeDistance": 16,
  "Density": {
    "Type" : "Imported",
    "Name" : "Biome-Map-Portals"
  },
  "ContentFields" : [
    {
      "Type" : "BaseHeight",
      "Name" : "Base",
      "Y" : 100
    },
    {
      "Type" : "BaseHeight",
      "Name" : "Water",
      "Y" : 100
    },
    {
      "Type" : "BaseHeight",
      "Name" : "Bedrock",
      "Y" : 0
    }
  ]
}
